max,
0.2,0.376125
0.55625, 0.440125
0.62825,0.715
0.74225,0.482125
0.77225,0.302125
0.55,0.28
,
max,
0.125,0.62
0.22,0.48
0.05,0.5
