Xcoord,Ycoord
0.52,0.467
0.48625,0.782125
0.73825,0.614125
0.71025,0.166125
0.39425,0.262125
0.13625,0.118125
