Xcoord,Ycoord
0.5,0.35
0.5,0.67525
0.25,0.24225
0.75,0.24225